Source,Title,Description
Dawn.com,no such thing as strategic stateowned enterprises says finance minister aurangzeb,says longer larger imf programme needed to bring permanence in macroeconomic stability and structural reforms
Dawn.com,fight till the last ball pcb chief tells cricket team in dublin,says t20 cricket needs unique and aggressive approach
Dawn.com,british fm rejects israeli offensive in gazas rafah without clear plan to save lives,un chief again calls for immediate gaza ceasefire hostage release
Dawn.com,canada arrests fourth indian national in killing of sikh activist,the indian national was already being held for unrelated gun charges
Dawn.com,second night of auroras seen amid extreme solar storm,no major disruptions to power or communications networks appear to have been reported this time around
Dawn.com,adb links support with imfs clean chit,banks top official says pakistan has sorted out immediate liquidity crisis but still in icu
Dawn.com,govt hints at raising wheat purchase target,drive to buy 400000 tonnes of grain kicks off farmers want wheat procured from across punjab kissan leader urges govt to ensure official rate of staple
Dawn.com,kp governor cm gandapur exchange threats in acrid spat,gandapur warns kundi will be banished from official residence for indulging in politics confrontation
Dawn.com,seven security personnel martyred in north waziristan,improvised explosive device targets bomb disposal unit in tehsil datta khel while security post stormed in mir ali
Dawn.com,opposition plans fresh campaign to protect constitution,sixparty coalition to approach courts to hold power shows in faisalabad karachi pti favours healing touch
Dawn.com,is pti ready to apologise for may 9th,Description not found
Dawn.com,what on earth does the government want from us,Description not found
Dawn.com,how israels killer robots in gaza are redefining automated warfare,Description not found
Dawn.com,top news stories pakistans lunar mission,Description not found
Dawn.com,why are israel and its western allies on the edge over icc arrest warrants,Description not found
Dawn.com,may 9,Description not found
Dawn.com,top news stories modi aggression in kashmir,Description not found
Dawn.com,americans are upset over us supporting violence against palestinians,Description not found
Dawn.com,concerns that modis rhetoric might incite further violence against indian muslims are increasing,Description not found
Dawn.com,may 12 2007 the day karachi went berserk,Description not found
Dawn.com,fifas foul on pakistan football,Description not found
Dawn.com,who can rock the hybrid boat,Description not found
Dawn.com,looming pension crisis cries out for corrective measures,Description not found
Dawn.com,smokers corner khan and the generals,Description not found
Dawn.com,editorial it is imperative for the state to reconsider its approach to human rights,Description not found
Dawn.com,love knows no boundaries at karachis edhi home nursery for special children,Description not found
Dawn.com,sindhs riverine region in the crosshairs of militia violence,Description not found
Dawn.com,how the insurgency in balochistan is evolving,Description not found
Dawn.com,editorial tax reforms must go beyond milking the salaried classes and pensioners,Description not found
Dawn.com,to draw or not to draw,lets find out what din din delma and dazel are up to this week
Dawn.com,pakistans moment of youth,Description not found
Dawn.com,pakistans icubeqamar beams back first images from moons orbit,the countrys inaugural lunar satellite is part of chinas change6 mission
Dawn.com,ruling coalition loses 27 reserved seats in punjab,speaker suspends pmlns 23 ppps two and one member each of pmlq ipp
Dawn.com,pia staff forgets to put boys body on plane,shocked parents relatives protest against airline managements negligence at skardu airport
Dawn.com,downside risks for pakistan remain exceptionally high imf,political uncertainty remains significant fund says despite govt indicating intention to continue standby arrangement policies
Dawn.com,pakistan remain unbeaten in azlan shah cup as match with new zealand ends in tie,will face leading japan in the final at 530pm tomorrow information minister attaullah tarar says teams achievements will be highlighted across all media
Dawn.com,who can rock the hybrid boat,if the chief was able to weather that storm then he appears far more secure now
Dawn.com,insurgency and social change,Description not found
Dawn.com,indian elections,Description not found
Dawn.com,overflowing cups,Description not found
Dawn.com,the lethal troika,Description not found
Dawn.com,a turbulent 2023,govt must ensure judiciarys independence respect for democratic processes and protection for all citizens against abuse of power
Dawn.com,a moral victory,as the un general assembly overwhelmingly voted on friday in favour of granting palestine greater rights at the
Dawn.com,hope after defeat,on saturday having fallen behind japan in the first quarter of the sultan azlan shah cup final pakistan showed
Dawn.com,Title not found,Description not found
Dawn.com,the lethal troika,the situation necessitates a fundamental shift in the terrorist threat assessment in pakistan
Dawn.com,the net metering dead end,the big problem in pakistans power bureaucracy now is that the state insists on setting the price of electricity manually using outmoded formulae
Dawn.com,an inclusive judiciary,while the detailed deliberations of the jcp need not be made public the reasons for selecting certain candidates for nomination must be disclosed
Dawn.com,child marriages,almost 19m girls in pakistan are married before they turn 18
Dawn.com,education emergency,the current situation is the result of the choices that we have made and are still making
Dawn.com,street safety,traditional policing methods may result in faulty investigations
Dawn.com,no such thing as strategic stateowned enterprises says finance minister aurangzeb,Description not found
Dawn.com,adb links support with imfs clean chit,Description not found
Dawn.com,areas of cooperation with saudi arabia identified pm shehbaz,Description not found
Dawn.com,imf endorses status quo in sbps policy rate,Description not found
Dawn.com,exports to europe fall despite gsp,Description not found
Dawn.com,psx scales new highs on economic optimism,Description not found
Dawn.com,fight till the last ball pcb chief tells cricket team in dublin,Description not found
Dawn.com,fifas foul on pakistan football,Description not found
Dawn.com,bednarek storms to 200m triumph in doha neeraj chopra falls short,Description not found
Dawn.com,real madrid eagerly awaits mbappe after psg exit confirmed,Description not found
Dawn.com,djokovic bottle strike overshadows rome open cruise past moutet,Description not found
Dawn.com,sultan azlan shah cup pakistan fall as dead sport recaptures audience once again,Description not found
Dawn.com,second night of auroras seen amid extreme solar storm,Description not found
Dawn.com,canada arrests fourth indian national in killing of sikh activist,Description not found
Dawn.com,israel orders palestinians to evacuate from more areas of rafah,Description not found
Dawn.com,uae hits out at netanyahu for saying it may help run gaza,Description not found
Dawn.com,washington says use of its weapons by tel aviv in gaza violated law,Description not found
Dawn.com,delhi cm kejriwal exhorts indians to resist dictatorship,Description not found
Dawn.com,men must take the lead in standing up against sexual harassment says hamza ali abbasi,Description not found
Dawn.com,we asked moms what they want for mothers day no it isnt kurtas and candles,a pinch of love a dash of appreciation and a cup full of peace is the recipe for the perfect mothers day present
Dawn.com,going loco for local jugnus chief saab candle is the ultimate karachi kid nostalgia,it may not smell like chief saab or so i think but it smells nice and thats what matters
Dawn.com,fistula and child marriages the two epidemics plaguing women in gilgitbaltistan,Description not found
Dawn.com,2024 elections whats at stake for indias minorities,could a third term under narendra modi see the formalising of secondclass status for minorities and the destruction of the countrys ancient composite culture
Dawn.com,from screens to streets how gen z is disrupting the status quo and redefining activism,its safe to say that the kids are doing just fine it is the adults running the world that are the problem
Dawn.com,art group employs brainwaves ai to recreate landscapes,Description not found
Dawn.com,pakistans icubeqamar beams back first images from moons orbit,the countrys inaugural lunar satellite is part of chinas change6 mission
Dawn.com,people with two copies of a risk gene have genetic form of alzheimers say scientists,study set to redefine such carriers as having a new genetic form of the mindwasting disease
Dawn.com,fifas foul on pakistan football,Description not found
Dawn.com,essay were ready for your closeup now,diary entries from a former actor reflect on how the desire to conform to the norms of the entertainment industry allowed her to
Dawn.com,football girls kicking mountains,zahra afzal runs the womens football academy in hazara town quetta what made her get into such an apparently thankless job
Dawn.com,style all about my mother,Description not found
Dawn.com,soundscape and now ai music,ai can now generate entire songs on demand what does this mean for music as we know it
Dawn.com,the grapevine,indian playback singer arijit singh recently did a concert in dubai the venue was bursting at the seams
Dawn.com,packaging film sector on the rise,Description not found
Dawn.com,tax reforms easier than expected,Description not found
Dawn.com,wheats tricky procurement,Description not found
Dawn.com,echoes of love,Description not found
Dawn.com,mailbox,Description not found
Dawn.com,mothers day a letter to my mum,Description not found
Dawn.com,challenges working mothers face in the corporate sector,Description not found
Dawn.com,samiya mumtaz to act commercially felt like i was selling my soul to earn but i put myself out there,Description not found
Dawn.com,how digitisation can affect agrifinancing,Description not found
Dawn.com,state grid anhui electric power research institute uses digital tools to prevent floods,Description not found
Dawn.com,2024 zambiachina culture and tourism year kicks off in beijing,Description not found
Dawn.com,onus on us to stop gaza conflict and grant palestine full un membership,Description not found
Dawn.com,state grid anhui electric power research institute uses digital tools to prevent floods,Description not found
Dawn.com,2024 zambiachina culture and tourism year kicks off in beijing,Description not found
Dawn.com,onus on us to stop gaza conflict and grant palestine full un membership,Description not found
